hotspot_number,lsg_code,label,label_malayalam,locality,district,type,status,listed_on,unlisted_on,last_updated_on,notes,reference,latitude,longitude
1,G021003,Chathannoor,ചാത്തന്നൂര്‍,Chathannoor,Kollam,Panchayat,Unlisted,2020-04-26,2020-05-07,2020-05-07,,DHS bulletin from Listed On Date,,
2,G020201,Sasthamcotta,ശാസ്താംകോട്ട,Sasthamcotta,Kollam,Panchayat,Unlisted,2020-04-26,2020-05-07,2020-05-07,,DHS bulletin from Listed On Date,,
3,G050708,Manarcadu,മണര്‍കാട്,Manarcadu,Kottayam,Panchayat,Unlisted,2020-04-26,2020-05-14,2020-05-14,Containment Zone: Whole LSG,DHS bulletin from Listed On Date,,
4,C070100,Cochin,കൊച്ചി,Cochin,Ernakulam,Corporation,Unlisted,2020-04-22,2020-05-07,2020-04-27,,DHS bulletin from Listed On Date,,
5,G060501,IdukkiKanjikuzhy,ഇടുക്കി കഞ്ഞിക്കുഴി,IdukkiKanjikuzhy,Idukki,Panchayat,Unlisted,2020-04-22,2020-04-30,2020-04-30,,DHS bulletin from Listed On Date,,
6,G060805,Elappara,ഏലപ്പാറ,Elappara,Idukki,Panchayat,Unlisted,2020-04-24,2020-05-14,2020-05-14,"Containment Zones: Wards 11, 12, 13",DHS bulletin from Listed On Date,,
7,G060505,Vazhathope,വാഴത്തോപ്പ്,Vazhathope,Idukki,Panchayat,Unlisted,2020-04-24,2020-05-07,2020-05-06,"Containment Zone: Wards 8, 14",DHS bulletin from Listed On Date,,
8,M060100,Thodupuzha,തൊടുപുഴ,Thodupuzha,Idukki,Municipality,Unlisted,2020-04-22,2020-04-30,2020-04-30,,DHS bulletin from Listed On Date,,
9,G060305,Nedumkandam,നെടുങ്കണ്ടം,Nedumkandam,Idukki,Panchayat,Unlisted,2020-04-24,2020-05-07,2020-05-06,"Containment Zones: Wards 9, 10, 11",DHS bulletin from Listed On Date,,
10,G060103,BysonValley,ബൈസണ്‍ വാലി,BysonValley,Idukki,Panchayat,Unlisted,2020-04-22,2020-04-30,2020-04-30,,DHS bulletin from Listed On Date,,
11,G060506,Mariyapuram,മരിയാപുരം,Mariyapuram,Idukki,Panchayat,Unlisted,2020-04-22,2020-04-30,2020-04-30,,DHS bulletin from Listed On Date,,
12,G060302,Senapathy,സേനാപതി,Senapathy,Idukki,Panchayat,Unlisted,2020-04-22,2020-05-07,2020-05-06,Containment Zone: Ward 3,DHS bulletin from Listed On Date,,
250,G130308,Alakode,ആലക്കോട്,Alakode,Kannur,Panchayat,Active,2020-06-01,,2020-06-07,"Containment Zones: Wards 2, 3, 5
",DHS bulletin from Listed On Date,,
14,G130607,Peralassery,പെരളശ്ശേരി,Peralassery,Kannur,Panchayat,Unlisted,2020-04-22,2020-05-14,2020-05-14,Containment Zone: Whole LSG,DHS bulletin from Listed On Date,,
15,M130300,Kuthuparamba,കൂത്തുപറമ്പ്,Kuthuparamba,Kannur,Municipality,Unlisted,2020-04-22,2020-05-14,2020-05-14,Containment Zone: Whole LSG,DHS bulletin from Listed On Date,,
16,G130906,Kottayam,കോട്ടയം,Kottayam,Kannur,Panchayat,Unlisted,2020-04-22,2020-05-14,2020-05-14,Containment Zone: Whole LSG,DHS bulletin from Listed On Date,,
17,G130903,Kunnothuparamba,കുന്നാത്തുപറമ്പ്,Kunnothuparamba,Kannur,Panchayat,Unlisted,2020-04-22,2020-05-14,2020-05-14,Containment Zone: Whole LSG,DHS bulletin from Listed On Date,,
18,G130306,Naduvil,നടുവില്‍,Naduvil,Kannur,Panchayat,Unlisted,2020-04-22,2020-05-07,2020-05-06,Containment Zone: Whole LSG,DHS bulletin from Listed On Date,,
19,G130805,Mokeri,മൊകേരി,Mokeri,Kannur,Panchayat,Unlisted,2020-04-22,2020-05-14,2020-05-14,Containment Zone: Whole LSG,DHS bulletin from Listed On Date,,
20,G130806,Panniyannur,പന്ന്യന്നൂര്‍,Panniyannur,Kannur,Panchayat,Unlisted,2020-04-22,2020-05-07,2020-05-06,Containment Zone: Whole LSG,DHS bulletin from Listed On Date,,
21,M130700,Panoor,പാനൂര്‍,Panoor,Kannur,Municipality,Unlisted,2020-04-22,2020-05-14,2020-05-14,Containment Zone: Whole LSG,DHS bulletin from Listed On Date,,
22,G130203,Madayi,മാടായി,Madayi,Kannur,Panchayat,Unlisted,2020-04-22,2020-05-07,2020-05-06,Containment Zone: Whole LSG,DHS bulletin from Listed On Date,,
23,G131101,Kanichar,കണിച്ചാര്‍,Kanichar,Kannur,Panchayat,Unlisted,2020-04-23,2020-05-07,2020-05-06,Containment Zone: Whole LSG,DHS bulletin from Listed On Date,,
24,G130506,Pappinisseri,പാപ്പിനിശ്ശേരി,Pappinisseri,Kannur,Panchayat,Unlisted,2020-04-22,2020-05-14,2020-05-14,Containment Zone: Whole LSG,DHS bulletin from Listed On Date,,
25,M130400,Payyannur,പയ്യന്നൂര്‍,Payyannur,Kannur,Municipality,Unlisted,2020-04-22,2020-05-07,2020-05-06,Containment Zone: Whole LSG,DHS bulletin from Listed On Date,,
26,G130204,Mattool,മാട്ടൂല്‍,Mattool,Kannur,Panchayat,Unlisted,2020-04-22,2020-05-07,2020-05-06,Containment Zone: Whole LSG,DHS bulletin from Listed On Date,,
27,G130705,Muzhappilangad,മുഴപ്പിലങ്ങാട്,Muzhappilangad,Kannur,Panchayat,Unlisted,2020-04-22,2020-05-07,2020-05-06,Containment Zone: Whole LSG,DHS bulletin from Listed On Date,,
28,G130605,Chembilode,ചെമ്പിലോട്,Chembilode,Kannur,Panchayat,Unlisted,2020-04-22,2020-04-30,2020-04-30,,DHS bulletin from Listed On Date,,
29,M130800,Iritty,ഇരിട്ടി,Iritty,Kannur,Municipality,Unlisted,2020-04-22,2020-04-30,2020-04-30,,DHS bulletin from Listed On Date,,
30,G130902,Chittariparamba,ചിറ്റാരിപ്പറമ്പ്,Chittariparamba,Kannur,Panchayat,Unlisted,2020-04-22,2020-05-07,2020-05-06,Containment Zone: Whole LSG,DHS bulletin from Listed On Date,,
31,G130801,Kadirur,കതിരൂര്‍,Kadirur,Kannur,Panchayat,Unlisted,2020-04-23,2020-06-04,2020-06-04,No containment zone,DHS bulletin from Listed On Date,,
32,G130305,Chapparapadava,ചപ്പാരപ്പടവ്,Chapparapadava,Kannur,Panchayat,Unlisted,2020-04-22,2020-04-30,2020-04-30,,DHS bulletin from Listed On Date,,
33,G130202,Ezhome,ഏഴോം,Ezhome,Kannur,Panchayat,Unlisted,2020-04-22,2020-05-14,2020-05-14,Containment Zone: Whole LSG,DHS bulletin from Listed On Date,,
34,G130302,Chengalayi,ചെങ്ങളായി,Chengalayi,Kannur,Panchayat,Unlisted,2020-04-23,2020-05-07,2020-05-06,Containment Zone: Whole LSG,DHS bulletin from Listed On Date,,
35,G130704,New Mahe,ന്യൂ മാഹി,New Mahe,Kannur,Panchayat,Unlisted,2020-04-22,2020-05-07,2020-05-06,Containment Zone: Whole LSG,DHS bulletin from Listed On Date,,
36,G131105,Kolayad,കോളയാട്,Kolayad,Kannur,Panchayat,Unlisted,2020-04-23,2020-05-07,2020-05-06,Containment Zone: Whole LSG,DHS bulletin from Listed On Date,,
37,G131005,Koodali,കൂടാളി,Koodali,Kannur,Panchayat,Unlisted,2020-04-22,2020-05-07,2020-05-06,Containment Zone: Whole LSG,DHS bulletin from Listed On Date,,
38,G130401,Eruvessy,എരുവേശ്ശി,Eruvessy,Kannur,Panchayat,Unlisted,2020-04-22,2020-04-30,2020-04-30,,DHS bulletin from Listed On Date,,
39,M130500,Thalassery,തലശ്ശേരി,Thalassery,Kannur,Municipality,Unlisted,2020-04-22,2020-04-30,2020-04-30,,DHS bulletin from Listed On Date,,
40,G130904,Mangattidam,മാങ്ങാട്ടിടം,Mangattidam,Kannur,Panchayat,Unlisted,2020-04-22,2020-05-07,2020-05-06,Containment Zone: Whole LSG,DHS bulletin from Listed On Date,,
102,G140402,Ajanur,അജാനൂര്‍,Ajanur,Kasaragod,Panchayat,Unlisted,2020-04-29,2020-05-07,2020-05-07,,DHS bulletin from Listed On Date,,
237,G140305,Badiadka,ബദിയഡുക്ക,Badiadka,Kasaragod,Panchayat,Active,2020-05-31,,2020-06-07,"Containment Zones: Wards 2, 13, 18",DHS bulletin from Listed On Date,,
47,G140302,Chemnad,ചെമ്മനാട്,Chemnad,Kasaragod,Panchayat,Unlisted,2020-04-22,2020-05-14,2020-05-14,Containment Zone: Ward 22,DHS bulletin from Listed On Date,,
297,G140302,Chemnad,ചെമ്മനാട്,Chemnad,Kasaragod,Panchayat,Active,2020-06-09,,2020-06-09,Containment Zone: Ward 17,DHS bulletin from Listed On Date,,
45,G140301,Chengala,ചെങ്കള,Chengala,Kasaragod,Panchayat,Unlisted,2020-04-22,2020-05-14,2020-05-14,"Containment Zone: Wards 17, 18",DHS bulletin from Listed On Date,,
298,G140301,Chengala,ചെങ്കള,Chengala,Kasaragod,Panchayat,Active,2020-06-09,,2020-06-09,Containment Zone: Ward 20,DHS bulletin from Listed On Date,,
256,G140601,Cheruvathur,ചെറുവത്തൂര്‍,Cheruvathur,Kasaragod,Panchayat,Active,2020-06-03,,2020-06-07,"Containment Zones: Ward 3, 6, 9, 16
",DHS bulletin from Listed On Date,,
258,G140505,East Eleri,ഈസ്റ് എളേരി,East Eleri,Kasaragod,Panchayat,Active,2020-06-03,,2020-06-09,Containment Zones: Ward 16,DHS bulletin from Listed On Date,,
49,G020501,Kulathupuzha,കുളത്തൂപ്പുഴ,Kulathupuzha,Kollam,Panchayat,Unlisted,2020-04-22,2020-05-07,2020-04-27,,DHS bulletin from Listed On Date,,
50,M020300,Punalur,പുനലൂര്‍,Punalur,Kollam,Municipality,Unlisted,2020-04-22,2020-05-14,2020-05-14,Containment Zone: Ward 17,DHS bulletin from Listed On Date,,
51,G021107,Nilamel,നിലമേല്‍,Nilamel,Kollam,Panchayat,Unlisted,2020-04-22,2020-05-07,2020-04-27,,DHS bulletin from Listed On Date,,
52,G020708,Thrikkaruva,തൃക്കരുവ,Thrikkaruva,Kollam,Panchayat,Unlisted,2020-04-22,2020-05-14,2020-05-14,"Containment Zones: Wards 9, 10, 12, 13",DHS bulletin from Listed On Date,,
53,G050804,Vijayapuram,വിജയപുരം,Vijayapuram,Kottayam,Panchayat,Unlisted,2020-04-24,2020-05-07,2020-05-06,Containment Zone: Whole LSG,DHS bulletin from Listed On Date,,
54,G050803,Panachikkad,പനച്ചിക്കാട്,Panachikkad,Kottayam,Panchayat,Unlisted,2020-04-24,2020-05-14,2020-05-14,Containment Zone: Whole LSG,DHS bulletin from Listed On Date,,
55,M050400,Kottayam,കോട്ടയം,Kottayam,Kottayam,Municipality,Unlisted,2020-04-24,2020-05-14,2020-05-14,Containment Zone: Whole LSG,DHS bulletin from Listed On Date,,
56,G110101,Azhiyur,അഴിയൂര്‍,Azhiyur,Kozhikode,Panchayat,Unlisted,2020-04-22,2020-05-07,2020-05-07,"Containment Zones: Wards 4, 5",DHS bulletin from Listed On Date,,
57,C110100,Kozhikode,കോഴിക്കോട്,Kozhikode,Kozhikode,Corporation,Unlisted,2020-04-22,2020-05-14,2020-05-14,"Containment Zones: Wards 42, 43, 44, 45, 54, 55, 56 ",DHS bulletin from Listed On Date,,
58,G110202,Edacheri,എടച്ചേരി,Edacheri,Kozhikode,Panchayat,Unlisted,2020-04-22,2020-04-30,2020-04-30,,DHS bulletin from Listed On Date,,
59,M110100,Vadakara,വടകര,Vadakara,Kozhikode,Municipality,Unlisted,2020-04-23,2020-05-07,2020-05-07,,DHS bulletin from Listed On Date,,
60,G110103,Eramala,ഏറാമല,Eramala,Kozhikode,Panchayat,Unlisted,2020-04-22,2020-04-30,2020-04-30,,DHS bulletin from Listed On Date,,
61,G111010,Kodanchery,കോടഞ്ചരി,Kodanchery,Kozhikode,Panchayat,Unlisted,2020-04-23,2020-05-07,2020-05-07,Containment Zone: Ward 14,DHS bulletin from Listed On Date,,
62,G110603,Changaroth,ചങ്ങരോത്ത്,Changaroth,Kozhikode,Panchayat,Unlisted,2020-04-22,2020-04-30,2020-04-30,,DHS bulletin from Listed On Date,,
63,G101004,Thennala,തെന്നല,Thennala,Malappuram,Panchayat,Unlisted,2020-04-22,2020-04-30,2020-04-30,,DHS bulletin from Listed On Date,,
64,G101202,Ozhur,ഒഴൂര്‍,Ozhur,Malappuram,Panchayat,Unlisted,2020-04-22,2020-04-30,2020-04-30,,DHS bulletin from Listed On Date,,
65,G101005,Vengara,വേങ്ങര,Vengara,Malappuram,Panchayat,Unlisted,2020-04-22,2020-04-30,2020-04-30,,DHS bulletin from Listed On Date,,
66,G101001,ARNagar,അബ്ദുറഹിമാന്‍ നഗര്‍,ARNagar,Malappuram,Panchayat,Unlisted,2020-04-22,2020-04-30,2020-04-30,,DHS bulletin from Listed On Date,,
67,G100102,Chungathara,ചുങ്കത്തറ,Chungathara,Malappuram,Panchayat,Unlisted,2020-04-22,2020-04-30,2020-04-30,,DHS bulletin from Listed On Date,,
68,M100300,Manjeri,മഞ്ചേരി,Manjeri,Malappuram,Municipality,Unlisted,2020-04-23,2020-05-07,2020-05-07,,DHS bulletin from Listed On Date,,
69,G101302,Thalakkad,തലക്കാട്,Thalakkad,Malappuram,Panchayat,Unlisted,2020-04-22,2020-04-30,2020-04-30,,DHS bulletin from Listed On Date,,
70,G101006,Kannamangalam,കണ്ണമംഗലം,Kannamangalam,Malappuram,Panchayat,Unlisted,2020-04-22,2020-04-30,2020-04-30,,DHS bulletin from Listed On Date,,
71,G091305,Pudusseri,പുതുശ്ശേരി,Pudusseri,Palakkad,Panchayat,Unlisted,2020-04-22,2020-04-30,2020-04-30,,DHS bulletin from Listed On Date,,
72,G090208,Vilayur,വിളയൂര്‍,Vilayur,Palakkad,Panchayat,Unlisted,2020-04-22,2020-04-30,2020-04-30,,DHS bulletin from Listed On Date,,
73,G090803,Kuzhalmannam,കുഴല്‍മന്ദം,Kuzhalmannam,Palakkad,Panchayat,Unlisted,2020-04-22,2020-05-14,2020-05-14,"Containment Zones: Wards 10, 11, 15",DHS bulletin from Listed On Date,,
74,G091304,Puduppariyaram,പുതുപ്പരിയാരം,Puduppariyaram,Palakkad,Panchayat,Unlisted,2020-04-22,2020-04-30,2020-04-30,,DHS bulletin from Listed On Date,,
75,G090106,Thirumittacode,തിരുമിറ്റക്കോട്,Thirumittacode,Palakkad,Panchayat,Unlisted,2020-04-22,2020-05-07,2020-05-07,,DHS bulletin from Listed On Date,,
76,,Palakkad District Hospital,പാലക്കാട് ജില്ലാ ആശുപത്രി,Sultanpet,Palakkad,Other,Unlisted,2020-04-22,2020-04-30,2020-04-30,,DHS bulletin from Listed On Date,10.769060099999999,76.6552392
77,G090503,Kottopadam,കോട്ടോപ്പാടം,Kottopadam,Palakkad,Panchayat,Unlisted,2020-04-22,2020-04-30,2020-04-30,,DHS bulletin from Listed On Date,10.9980476,76.3837552
78,G090505,Kanhirapuzha,കാഞ്ഞിരപുഴ,Kanhirapuzha,Palakkad,Panchayat,Unlisted,2020-04-22,2020-04-30,2020-04-30,,DHS bulletin from Listed On Date,,
79,G030704,Aranmula,ആറന്മുള,Aranmula,Pathanamthitta,Panchayat,Unlisted,2020-04-22,2020-05-07,2020-05-07,,DHS bulletin from Listed On Date,,
80,G030301,Ayroor,അയിരൂര്‍,Ayroor,Pathanamthitta,Panchayat,Unlisted,2020-04-22,2020-04-30,2020-04-30,,DHS bulletin from Listed On Date,,
81,M030100,Adoor,അടൂര്‍,Adoor,Pathanamthitta,Municipality,Unlisted,2020-04-22,2020-04-30,2020-04-30,,DHS bulletin from Listed On Date,,
82,G030506,Chittar,ചിറ്റാര്‍,Chittar,Pathanamthitta,Panchayat,Unlisted,2020-04-22,2020-04-30,2020-04-30,,DHS bulletin from Listed On Date,,
83,G030505,Vadaserikara,വടശ്ശേരിക്കര,Vadaserikara,Pathanamthitta,Panchayat,Unlisted,2020-04-22,2020-04-30,2020-04-30,,DHS bulletin from Listed On Date,,
84,M030300,Pathanamthitta,പത്തനംതിട്ട,Pathanamthitta,Pathanamthitta,Municipality,Unlisted,2020-04-22,2020-04-30,2020-04-30,,DHS bulletin from Listed On Date,,
85,C010100,Thiruvananthapuram,തിരുവനന്തപുരം,Thiruvananthapuram,Thiruvananthapuram,Corporation,Unlisted,2020-04-22,2020-04-30,2020-04-30,,DHS bulletin from Listed On Date,,
86,M010100,Varkala,വര്‍ക്കല,Varkala,Thiruvananthapuram,Municipality,Unlisted,2020-04-24,2020-05-14,2020-05-14,"Containment Zones: Wards 16, 17",DHS bulletin from Listed On Date,,
87,G120409,Muppainad,മൂപ്പൈനാട്,Muppainad,Wayanad,Panchayat,Unlisted,2020-04-27,2020-04-30,2020-04-30,,DHS bulletin from Listed On Date,,
88,G060603,Vandanmedu,വണ്ടന്‍മേട്,Vandanmedu,Idukki,Panchayat,Unlisted,2020-04-27,2020-05-14,2020-05-14,"Containment Zones: Wards 12, 14",DHS bulletin from Listed On Date,,
89,G060605,Erattayar,ഇരട്ടയാര്‍,Erattayar,Idukki,Panchayat,Unlisted,2020-04-27,2020-05-07,2020-05-07,Containment Zone: Ward 9,DHS bulletin from Listed On Date,,
90,G050302,Aymanam,അയ്മനം,Aymanam,Kottayam,Panchayat,Unlisted,2020-04-27,2020-05-07,2020-05-07,Containment Zone: Whole LSG,DHS bulletin from Listed On Date,,
91,G050206,Velloor,വെള്ളൂര്‍,Velloor,Kottayam,Panchayat,Unlisted,2020-04-27,2020-05-14,2020-05-14,Containment Zone: Whole LSG,DHS bulletin from Listed On Date,,
92,G050801,Ayarkunnam,അയര്‍കുന്നം,Ayarkunnam,Kottayam,Panchayat,Unlisted,2020-04-27,2020-05-07,2020-05-07,Containment Zone: Whole LSG,DHS bulletin from Listed On Date,,
93,G050205,Thalayolaparambu,തലയോലപ്പറമ്പ്,Thalayolaparambu,Kottayam,Panchayat,Unlisted,2020-04-27,2020-05-07,2020-05-07,Containment Zone: Whole LSG,DHS bulletin from Listed On Date,,
94,G060303,Karunapuram,കരുണാപുരം,Karunapuram,Idukki,Panchayat,Unlisted,2020-04-28,2020-05-07,2020-05-07,"Containment Zones: Wards 12, 13, 14, 15",DHS bulletin from Listed On Date,,
95,G060202,Munnar,മൂന്നാര്‍,Munnar,Idukki,Panchayat,Unlisted,2020-04-28,2020-05-07,2020-05-07,"Containment Zones: Wards 9, 10, 11, 13, 19",DHS bulletin from Listed On Date,,
96,G060703,Edavetty,ഇടവെട്ടി,Edavetty,Idukki,Panchayat,Unlisted,2020-04-28,2020-05-07,2020-05-07,Containment Zone: Ward 9,DHS bulletin from Listed On Date,,
97,G050601,Melukavu,മേലുകാവ്,Melukavu,Kottayam,Panchayat,Unlisted,2020-04-28,2020-05-07,2020-05-07,Containment Zone: Whole LSG,DHS bulletin from Listed On Date,,
98,M050300,Changanassery,ചങ്ങനാശ്ശേരി,Changanassery,Kottayam,Municipality,Unlisted,2020-04-28,2020-05-07,2020-05-07,Containment Zone: Whole LSG,DHS bulletin from Listed On Date,,
99,G101404,Kaladi,കാലടി,Kaladi,Malappuram,Panchayat,Unlisted,2020-04-28,2020-05-07,2020-05-07,,DHS bulletin from Listed On Date,,
100,G091201,Alathur,ആലത്തൂര്‍,Alathur,Palakkad,Panchayat,Unlisted,2020-04-22,2020-04-30,2020-04-30,,DHS bulletin from Listed On Date,,
101,G060806,Vandiperiyar,വണ്ടിപ്പെരിയാര്‍,Vandiperiyar,Idukki,Panchayat,Unlisted,2020-04-29,2020-05-07,2020-05-07,"Containment Zones: Ward 5, 9",DHS bulletin from Listed On Date,,
135,G140504,Kallar,കള്ളാര്‍,Kallar,Kasaragod,Panchayat,Unlisted,2020-05-16,2020-06-09,2020-06-09,Containment Zone: Ward 4,DHS bulletin from Listed On Date,,
103,G020101,Oachira,ഓച്ചിറ,Oachira,Kollam,Panchayat,Unlisted,2020-04-30,2020-05-07,2020-05-07,,DHS bulletin from Listed On Date,,
104,G020902,Thrikkovilvattom,തൃക്കോവില്‍വട്ടം,Thrikkovilvattom,Kollam,Panchayat,Unlisted,2020-04-30,2020-05-07,2020-05-07,,DHS bulletin from Listed On Date,,
105,G050106,Udayanapuram,ഉദയനാപുരം,Udayanapuram,Kottayam,Panchayat,Unlisted,2020-04-30,2020-05-07,2020-05-07,Containment Zone: Whole LSG,DHS bulletin from Listed On Date,,
106,M010400,Neyyattinkara,നെയ്യാറ്റിന്‍കര,Neyyattinkara,Thiruvananthapuram,Municipality,Unlisted,2020-04-30,2020-05-14,2020-05-14,"Containment Zones: Wards 1, 2, 3, 4, 5, 37, 40, 41, 42, 43, 44",DHS bulletin from Listed On Date,,
42,M140100,Kanhangad,കാഞ്ഞങ്ങാട്,Kanhangad,Kasaragod,Municipality,Unlisted,2020-04-22,2020-04-30,2020-04-30,,DHS bulletin from Listed On Date,,
108,G101502,Maranchery,മാറഞ്ചരി,Maranchery,Malappuram,Panchayat,Unlisted,2020-05-01,2020-05-07,2020-05-07,,DHS bulletin from Listed On Date,,
109,G011103,Kulathoor,കുളത്തൂര്‍,Kulathoor,Thiruvananthapuram,Panchayat,Unlisted,2020-05-01,2020-05-07,2020-05-07,,DHS bulletin from Listed On Date,,
110,G011104,Parassala,പാറശ്ശാല,Parassala,Thiruvananthapuram,Panchayat,Unlisted,2020-05-01,2020-05-07,2020-05-07,,DHS bulletin from Listed On Date,,
111,G011001,Athiyannoor,അതിയന്നൂര്‍,Athiyannoor,Thiruvananthapuram,Panchayat,Unlisted,2020-05-01,2020-05-07,2020-05-07,,DHS bulletin from Listed On Date,,
112,G011102,Karode,കാരോട്,Karode,Thiruvananthapuram,Panchayat,Unlisted,2020-05-01,2020-05-07,2020-05-07,,DHS bulletin from Listed On Date,,
113,G010907,Vellarada,വെള്ളറട,Vellarada,Thiruvananthapuram,Panchayat,Unlisted,2020-05-01,2020-05-07,2020-05-07,,DHS bulletin from Listed On Date,,
114,G010908,Amboori,അമ്പൂരി,Amboori,Thiruvananthapuram,Panchayat,Unlisted,2020-05-01,2020-05-07,2020-05-07,,DHS bulletin from Listed On Date,,
115,G010801,Balaramapuram,ബാലരാമപുരം,Balaramapuram,Thiruvananthapuram,Panchayat,Unlisted,2020-05-01,2020-05-07,2020-05-07,,DHS bulletin from Listed On Date,,
116,G010906,Kunnathukal,കുന്നത്തുകാല്‍,Kunnathukal,Thiruvananthapuram,Panchayat,Unlisted,2020-05-01,2020-05-07,2020-05-07,,DHS bulletin from Listed On Date,,
117,M120200,Mananthavady,മാനന്തവാടി,Mananthavady,Wayanad,Municipality,Unlisted,2020-05-03,2020-05-28,2020-05-28,Containment Zones: All Wards,DHS bulletin from Listed On Date,,
118,G070904,Edakkattuvayal,എടയ്ക്കാട്ടുവയല്‍,Edakkattuvayal,Ernakulam,Panchayat,Unlisted,2020-05-03,2020-05-14,2020-05-14,Containment Zones: Ward 14,DHS bulletin from Listed On Date,,
119,G071407,Manjalloor,മഞ്ഞള്ളൂര്‍,Manjalloor,Ernakulam,Panchayat,Unlisted,2020-05-03,2020-05-07,2020-05-07,,DHS bulletin from Listed On Date,,
120,G060205,Santhanpara,ശാന്തന്‍പാറ,Santhanpara,Idukki,Panchayat,Unlisted,2020-05-03,2020-05-14,2020-05-14,Containment Zone: Ward 8,DHS bulletin from Listed On Date,,
121,G120103,Thirunelly,തിരുനെല്ലി,Thirunelly,Wayanad,Panchayat,Unlisted,2020-05-05,2020-06-04,2020-06-04,No containment zone,DHS bulletin from Listed On Date,,
122,G120105,Edavaka,എടവക,Edavaka,Wayanad,Panchayat,Unlisted,2020-05-05,2020-05-28,2020-05-28,Containment Zones: All Wards,DHS bulletin from Listed On Date,,
123,G120303,Ambalavayal,അമ്പലവയല്‍,Ambalavayal,Wayanad,Panchayat,Unlisted,2020-05-05,2020-05-21,2020-05-21,Containment Zones: Mangodu Colony,DHS bulletin from Listed On Date,,
124,G120102,Vellamunda,വെള്ളമുണ്ട,Vellamunda,Wayanad,Panchayat,Unlisted,2020-05-05,2020-05-21,2020-05-21,,DHS bulletin from Listed On Date,,
125,G120301,Meenangadi,മീനങ്ങാടി,Meenangadi,Wayanad,Panchayat,Unlisted,2020-05-05,2020-05-28,2020-05-28,"Containment Zones: Wards 7, 8, 9, 10, 11, 13, 14, 15, 16, 17, 18,
Thachambathu Colony",DHS bulletin from Listed On Date,,
126,G090806,Thenkurissi,തേങ്കുറിശ്ശി,Thenkurissi,Palakkad,Panchayat,Unlisted,2020-05-07,2020-05-14,2020-05-14,"Containment Zone: Wards 15, 12",DHS bulletin from Listed On Date,,
127,G120302,Nenmeni,നെന്മേനി,Nenmeni,Wayanad,Panchayat,Unlisted,2020-05-11,2020-06-04,2020-06-04,No containment zone,DHS bulletin from Listed On Date,,
128,G131102,Kelakam,കേളകം,Kelakam,Kannur,Panchayat,Unlisted,2020-05-14,2020-06-04,2020-06-04,Containment Zone: Ward 9,DHS bulletin from Listed On Date,,
41,M140200,Kasaragod,കാസര്‍കോഡ്,Kasaragod,Kasaragod,Municipality,Unlisted,2020-04-22,2020-05-07,2020-04-27,,DHS bulletin from Listed On Date,,
137,M140200,Kasaragod,കാസര്‍കോഡ്,Kasaragod,Kasaragod,Municipality,Active,2020-05-16,,2020-06-07,"Containment Zone: Wards 9, 22, 23, 29, 38
",DHS bulletin from Listed On Date,,
164,G140502,KodomBelur,കോടോം ബേളൂര്‍,KodomBelur,Kasaragod,Panchayat,Active,2020-05-24,,2020-06-07,Containment Zone: Ward 1,DHS bulletin from Listed On Date,,
132,G050406,Uzhavoor,ഉഴവൂര്‍,Uzhavoor,Kottayam,Panchayat,Unlisted,2020-05-14,2020-05-21,2020-05-19,,DHS bulletin from Listed On Date,,
133,G080104,Punnayurkulam,പുന്നയൂര്‍ക്കുളം,Punnayurkulam,Thrissur,Panchayat,Unlisted,2020-05-14,2020-05-21,2020-05-21,,DHS bulletin from Listed On Date,,
261,M130900,Anthoor,ആന്തൂര്‍,Anthoor,Kannur,Municipality,Active,2020-06-04,,2020-06-07,"Containment Zones: Wards 2, 5",DHS bulletin from Listed On Date,,
44,G140306,Kumbla,കുമ്പള,Kumbla,Kasaragod,Panchayat,Unlisted,2020-04-22,2020-04-30,2020-04-30,,DHS bulletin from Listed On Date,,
129,G140306,Kumbla,കുമ്പള,Kumbla,Kasaragod,Panchayat,Unlisted,2020-05-14,2020-05-21,2020-05-21,Containment Zone: Ward 9,DHS bulletin from Listed On Date,,
226,G140306,Kumbla,കുമ്പള,Kumbla,Kasaragod,Panchayat,Active,2020-05-29,,2020-06-07,"Containment Zones: Wards 3, 6, 7",DHS bulletin from Listed On Date,,
138,G120106,Thavinhal,തവിഞ്ഞാല്‍,Thavinhal,Wayanad,Panchayat,Unlisted,2020-05-16,2020-05-28,2020-05-28,Containment Zone: Ward 6,DHS bulletin from Listed On Date,,
139,G060603,Vandanmedu,വണ്ടന്‍മേട്,Vandanmedu,Idukki,Panchayat,Unlisted,2020-05-16,2020-06-06,2020-06-06,No containment zone,DHS bulletin from Listed On Date,,
140,G060303,Karunapuram,കരുണാപുരം,Karunapuram,Idukki,Panchayat,Unlisted,2020-05-16,2020-06-04,2020-06-04,No containment zone,DHS bulletin from Listed On Date,,
141,G120201,Panamaram,പനമരം,Panamaram,Wayanad,Panchayat,Unlisted,2020-05-17,2020-05-28,2020-05-28,"Containment Zone: Wards 1,2",DHS bulletin from Listed On Date,,
253,G021004,Adichanalloor,ആദിച്ചനല്ലൂര്‍,Adichanalloor,Kollam,Panchayat,Active,2020-06-03,,2020-06-07,"Containment Zones: Wards 15, 17",DHS bulletin from Listed On Date,,
247,G091301,Akathethara,അകത്തേത്തറ,Akathethara,Palakkad,Panchayat,Active,2020-06-01,,2020-06-07,"Containment Zones: Wards 2, 3",DHS bulletin from Listed On Date,,
144,G090203,Muthuthala,മുതുതല,Muthuthala,Palakkad,Panchayat,Unlisted,2020-05-18,2020-06-04,2020-06-04,No containment zone,DHS bulletin from Listed On Date,,
230,G090501,Alanallur,അലനല്ലൂര്‍,Alanallur,Palakkad,Panchayat,Active,2020-05-29,,2020-06-07,"Containment Zones: Wards 1, 14, 20
",DHS bulletin from Listed On Date,,
165,G090301,Ambalappara,അമ്പലപ്പാറ,Ambalappara,Palakkad,Panchayat,Active,2020-05-24,,2020-06-07,"Containment Zone: Wards 7, 19, 20
",DHS bulletin from Listed On Date,,
147,G091003,Muthalamada,മുതലമട,Muthalamada,Palakkad,Panchayat,Unlisted,2020-05-18,2020-06-04,2020-06-04,No containment zone,DHS bulletin from Listed On Date,,
160,G130605,Chembilode,ചെമ്പിലോട്,Chembilode,Kannur,Panchayat,Active,2020-05-23,,2020-06-07,Containment Zone: Ward 1,DHS bulletin from Listed On Date,,
185,G130107,Cherupuzha,ചെറുപുഴ,Cherupuzha,Kannur,Panchayat,Active,2020-05-26,,2020-06-07,Containment Zone: Ward 14,DHS bulletin from Listed On Date,,
149,G130802,Chokli,ചൊക്ളി,Chokli,Kannur,Panchayat,Active,2020-05-19,,2020-06-07,"Containment Zone: Ward 2, 8, 9",DHS bulletin from Listed On Date,,
151,G051107,Koruthodu,കോരുത്തോട്,Koruthodu,Kottayam,Panchayat,Unlisted,2020-05-19,2020-05-21,2020-05-21,Containment Zone: Ward 2,DHS bulletin from Listed On Date,,
229,G090101,Anakkara,ആനക്കര,Anakkara,Palakkad,Panchayat,Active,2020-05-29,,2020-06-07,"Containment Zones: Wards 2, 13",DHS bulletin from Listed On Date,,
184,G090102,Chalissery,ചാലിശ്ശേരി,Chalissery,Palakkad,Panchayat,Unlisted,2020-05-25,2020-06-11,2020-06-11,No containment zone,DHS bulletin from Listed On Date,,
154,G130701,Dharmadam,ധര്‍മ്മടം,Dharmadam,Kannur,Panchayat,Active,2020-05-21,,2020-06-07,Containment Zone: Ward 13,DHS bulletin from Listed On Date,,
191,M090600,Cherpulassery,ചെര്‍പുളശ്ശേരി,Cherpulassery,Palakkad,Municipality,Unlisted,2020-05-26,2020-06-11,2020-06-11,Containment Zone: Ward 26,DHS bulletin from Listed On Date,,
156,G130501,Chirakkal,ചിറക്കല്‍,Chirakkal,Kannur,Panchayat,Unlisted,2020-05-23,2020-06-04,2020-06-04,Containment Zone: Ward 2,DHS bulletin from Listed On Date,,
285,G130401,Eruvessy,എരുവേശ്ശി,Eruvessy,Kannur,Panchayat,Active,2020-06-07,,2020-06-07,Containment Zones: Ward 12,DHS bulletin from Listed On Date,,
259,M130800,Iritty,ഇരിട്ടി,Iritty,Kannur,Municipality,Active,2020-06-04,,2020-06-07,Containment Zones: Ward 9,DHS bulletin from Listed On Date,,
178,G131101,Kanichar,കണിച്ചാര്‍,Kanichar,Kannur,Panchayat,Active,2020-05-24,,2020-06-07,Containment Zone: Ward 12,DHS bulletin from Listed On Date,,
223,G130207,Kannapuram,കണ്ണപുരം,Kannapuram,Kannur,Panchayat,Active,2020-05-29,,2020-06-07,"Containment Zones: Wards 1, 14",DHS bulletin from Listed On Date,,
161,G131002,Ayyankunnu,അയ്യന്‍കുന്ന്,Ayyankunnu,Kannur,Panchayat,Unlisted,2020-05-23,2020-06-04,2020-06-04,"Containment Zone: Wards 7, 8, 9, 10, 11",DHS bulletin from Listed On Date,,
158,C130100,Kannur,കണ്ണൂര്‍,Kannur,Kannur,Corporation,Active,2020-05-23,,2020-06-07,"Containment Zone: Wards 9, 53, Ayikara Fish Market",DHS bulletin from Listed On Date,,
163,G051107,Koruthodu,കോരുത്തോട്,Koruthodu,Kottayam,Panchayat,Unlisted,2020-05-23,2020-06-11,2020-06-11,Containment Zone: Ward 2,DHS bulletin from Listed On Date,,
43,G140303,Madhur,മധൂര്‍,Madhur,Kasaragod,Panchayat,Unlisted,2020-04-22,2020-04-30,2020-04-30,,DHS bulletin from Listed On Date,,
311,M090600,Cherpulassery,ചെര്‍പുളശ്ശേരി,Cherpulassery,Palakkad,Municipality,Active,2020-06-11,,2020-06-11,Containment Zone: Wards 27,DHS bulletin from Listed On Date,,
194,M090300,Chittur Tattamangalam,ചിറ്റൂര്‍ തത്തമംഗലം,Chittur Tattamangalam,Palakkad,Municipality,Active,2020-05-27,,2020-06-07,Containment Zone: Ward 25,DHS bulletin from Listed On Date,,
266,G090906,Elappully,എലപ്പുള്ളി,Elappully,Palakkad,Panchayat,Active,2020-06-04,,2020-06-07,Containment Zones: Ward 7,DHS bulletin from Listed On Date,,
143,G090402,Kadampazhipuram,കടമ്പഴിപ്പുറം,Kadampazhipuram,Palakkad,Panchayat,Active,2020-05-18,,2020-06-07,Containment Zone: All Wards,DHS bulletin from Listed On Date,,
276,G090807,Kannadi,കണ്ണാടി,Kannadi,Palakkad,Panchayat,Active,2020-06-05,,2020-06-07,Containment Zones: Ward 2,DHS bulletin from Listed On Date,,
145,G090407,Karakurussi,കാരാകുറുശ്ശി,Karakurussi,Palakkad,Panchayat,Active,2020-05-18,,2020-06-07,"Containment Zone: Ward 6, 7",DHS bulletin from Listed On Date,,
171,G051004,Vellavoor,വെള്ളാവൂര്‍,Vellavoor,Kottayam,Panchayat,Active,2020-05-24,,2020-06-07,Containment Zone: Ward 1,DHS bulletin from Listed On Date,,
172,G050706,Meenadom,മീനടം,Meenadom,Kottayam,Panchayat,Unlisted,2020-05-24,2020-06-11,2020-06-11,Containment Zone: Ward 13,DHS bulletin from Listed On Date,,
173,G040807,Pandanad,പാണ്ടനാട്,Pandanad,Alappuzha,Panchayat,Unlisted,2020-05-24,2020-06-11,2020-06-07,No containment zone,DHS bulletin from Listed On Date,,
174,M040100,Chengannur,ചെങ്ങന്നൂര്‍,Chengannur,Alappuzha,Municipality,Unlisted,2020-05-24,2020-06-11,2020-06-07,No containment zone,DHS bulletin from Listed On Date,,
175,G110101,Azhiyur,അഴിയൂര്‍,Azhiyur,Kozhikode,Panchayat,Active,2020-05-24,,2020-06-07,No containment zone,DHS bulletin from Listed On Date,,
176,G110104,Onchiyam,ഒഞ്ചിയം,Onchiyam,Kozhikode,Panchayat,Active,2020-05-24,,2020-06-07,No containment zone,DHS bulletin from Listed On Date,,
177,G131005,Koodali,കൂടാളി,Koodali,Kannur,Panchayat,Unlisted,2020-05-24,2020-06-04,2020-06-04,Containment Zone: Ward 15,DHS bulletin from Listed On Date,,
162,G130906,Kottayam,കോട്ടയം,Kottayam,Kannur,Panchayat,Active,2020-05-23,,2020-06-07,"Containment Zone: Wards 2, 4, 5, 9, 12, 14",DHS bulletin from Listed On Date,,
288,G130405,Kuttiattoor,കുറ്റ്യാട്ടൂര്‍,Kuttiattoor,Kannur,Panchayat,Active,2020-06-07,,2020-06-07,Containment Zones: Ward 11,DHS bulletin from Listed On Date,,
157,G131106,Malur,മാലൂര്‍,Malur,Kannur,Panchayat,Active,2020-05-23,,2020-06-07,Containment Zone: Ward 9,DHS bulletin from Listed On Date,,
287,G130904,Mangattidam,മാങ്ങാട്ടിടം,Mangattidam,Kannur,Panchayat,Active,2020-06-07,,2020-06-07,Containment Zones: Ward 4,DHS bulletin from Listed On Date,,
289,G091002,Koduvayur,കൊടുവായൂര്‍,Koduvayur,Palakkad,Panchayat,Active,2020-06-07,,2020-06-07,Containment Zones: Ward 10,DHS bulletin from Listed On Date,,
282,G091001,Kollengode,കൊല്ലങ്കോട്,Kollengode,Palakkad,Panchayat,Active,2020-06-05,,2020-06-07,Containment Zones: Ward 4,DHS bulletin from Listed On Date,,
227,G090201,Koppam,കൊപ്പം,Koppam,Palakkad,Panchayat,Active,2020-05-29,,2020-06-07,"Containment Zones: Ward 4,6,8",DHS bulletin from Listed On Date,,
134,M130100,Mattanur,മട്ടന്നൂര്‍,Mattanur,Kannur,Municipality,Active,2020-05-15,,2020-06-07,"Containment Zone: Wards 7, 19,28",DHS bulletin from Listed On Date,,
186,G130205,Cherukunnu,ചെറുകുന്ന്,Cherukunnu,Kannur,Panchayat,Unlisted,2020-05-26,2020-06-04,2020-06-04,Containment Zone: Ward 1,DHS bulletin from Listed On Date,,
207,G140303,Madhur,മധൂര്‍,Madhur,Kasaragod,Panchayat,Active,2020-05-28,,2020-06-07,"Containment Zone: Wards 1, 7, 15, 18",DHS bulletin from Listed On Date,,
130,G140101,Mangalpady,മംഗല്‍പാടി,Mangalpady,Kasaragod,Panchayat,Unlisted,2020-05-14,2020-05-21,2020-05-21,,DHS bulletin from Listed On Date,,
189,G140101,Mangalpady,മംഗല്‍പാടി,Mangalpady,Kasaragod,Panchayat,Active,2020-05-26,,2020-06-07,"Containment Zone: Wards 2, 6, 9, 11, 17, 20",DHS bulletin from Listed On Date,,
190,G050902,Paippad,പായിപ്പാട്,Paippad,Kottayam,Panchayat,Active,2020-05-26,,2020-06-07,Containment Zone: Ward 12,DHS bulletin from Listed On Date,,
146,G090801,Kottayi,കോട്ടായി,Kottayi,Palakkad,Panchayat,Active,2020-05-18,,2020-06-07,"Containment Zone: Ward 4, 9",DHS bulletin from Listed On Date,,
231,G090503,Kottopadam,കോട്ടോപ്പാടം,Kottopadam,Palakkad,Panchayat,Unlisted,2020-05-29,2020-06-11,2020-06-11,No containment zone,DHS bulletin from Listed On Date,,
193,G060306,Udumbanchola,ഉടുമ്പന്‍ചോല,Udumbanchola,Idukki,Panchayat,Unlisted,2020-05-26,2020-06-11,2020-06-11,"Containment Zone: Wards 8,11,12",DHS bulletin from Listed On Date,,
200,G090803,Kuzhalmannam,കുഴല്‍മന്ദം,Kuzhalmannam,Palakkad,Panchayat,Unlisted,2020-05-27,2020-06-11,2020-06-11,No containment zone,DHS bulletin from Listed On Date,,
312,G090304,Lakkidi - Perur,ലെക്കിടി  പേരൂര്‍,Lakkidi - Perur,Palakkad,Panchayat,Active,2020-06-11,,2020-06-11,Containment Zone: Wards 9,DHS bulletin from Listed On Date,,
183,G091302,Malampuzha,മലമ്പുഴ,Malampuzha,Palakkad,Panchayat,Active,2020-05-25,,2020-06-07,Containment Zone: Ward 4,DHS bulletin from Listed On Date,,
192,M090700,Mannarkad,മണ്ണാര്‍ക്കാട്,Mannarkad,Palakkad,Municipality,Active,2020-05-26,,2020-06-07,Containment Zone: Ward 10,DHS bulletin from Listed On Date,,
198,M090200,Shoranur,ഷൊര്‍ണ്ണൂര്‍,Shoranur,Palakkad,Municipality,Unlisted,2020-05-27,2020-06-04,2020-06-04,Containment Zone: Ward 10,DHS bulletin from Listed On Date,,
249,G091303,Marutharode,മരുതറോഡ്,Marutharode,Palakkad,Panchayat,Active,2020-06-01,,2020-06-07,Containment Zones: Ward 10,DHS bulletin from Listed On Date,,
170,G090705,Mundur,മുണ്ടൂര്‍,Mundur,Palakkad,Panchayat,Active,2020-05-24,,2020-06-07,"Containment Zone: Wards 4, 10, 16, 18",DHS bulletin from Listed On Date,,
155,G090104,Nagalassery,നാഗലശ്ശേരി,Nagalassery,Palakkad,Panchayat,Active,2020-05-23,,2020-06-07,Containment Zone: Ward 15,DHS bulletin from Listed On Date,,
196,G090308,Nellaya,നെല്ലായ,Nellaya,Palakkad,Panchayat,Active,2020-05-27,,2020-06-07,Containment Zone: Ward 14,DHS bulletin from Listed On Date,,
167,M090100,Ottapalam,ഒറ്റപ്പാലം,Ottapalam,Palakkad,Municipality,Active,2020-05-24,,2020-06-07,"Containment Zone: Wards 1, 4",DHS bulletin from Listed On Date,,
204,G011103,Kulathoor,കുളത്തൂര്‍,Kulathoor,Thiruvananthapuram,Panchayat,Unlisted,2020-05-27,2020-06-11,2020-06-11,No containment zone,DHS bulletin from Listed On Date,,
205,G010207,Navaikulam,നാവായിക്കുളം,Navaikulam,Thiruvananthapuram,Panchayat,Unlisted,2020-05-27,2020-06-11,2020-06-11,No containment zone,DHS bulletin from Listed On Date,,
206,G010402,Nellanad,നെല്ലനാട്,Nellanad,Thiruvananthapuram,Panchayat,Unlisted,2020-05-27,2020-06-11,2020-06-11,No containment zone,DHS bulletin from Listed On Date,,
209,G140105,Manjeshwar,മഞ്ചശ്വരം,Manjeshwar,Kasaragod,Panchayat,Unlisted,2020-05-28,2020-06-09,2020-06-09,Containment Zone: Ward 11,DHS bulletin from Listed On Date,,
188,G140104,Meenja,മീഞ്ച,Meenja,Kasaragod,Panchayat,Active,2020-05-26,,2020-06-07,"Containment Zone: Wards 2, 7",DHS bulletin from Listed On Date,,
46,G140304,MogralPuthur,മൊഗരാല്‍ പുത്തൂര്‍,MogralPuthur,Kasaragod,Panchayat,Unlisted,2020-04-22,2020-05-07,2020-04-27,,DHS bulletin from Listed On Date,,
210,M050300,Changanassery,ചങ്ങനാശ്ശേരി,Changanassery,Kottayam,Municipality,Active,2020-05-28,,2020-06-07,"Containment Zone: Wards 1, 21",DHS bulletin from Listed On Date,,
211,G010403,Pullampara,പുല്ലമ്പാറ,Pullampara,Thiruvananthapuram,Panchayat,Unlisted,2020-05-29,2020-06-11,2020-06-11,No containment zone,DHS bulletin from Listed On Date,,
212,G010208,Pulimath,പുളിമാത്ത്,Pulimath,Thiruvananthapuram,Panchayat,Unlisted,2020-05-29,2020-06-11,2020-06-11,No containment zone,DHS bulletin from Listed On Date,,
213,G011102,Karode,കാരോട്,Karode,Thiruvananthapuram,Panchayat,Unlisted,2020-05-29,2020-06-11,2020-06-11,No containment zone,DHS bulletin from Listed On Date,,
214,G010305,Mudakkal,മുദാക്കല്‍,Mudakkal,Thiruvananthapuram,Panchayat,Unlisted,2020-05-29,2020-06-11,2020-06-11,No containment zone,DHS bulletin from Listed On Date,,
215,G010404,Vamanapuram,വാമനപുരം,Vamanapuram,Thiruvananthapuram,Panchayat,Unlisted,2020-05-29,2020-06-11,2020-06-11,No containment zone,DHS bulletin from Listed On Date,,
216,G110204,Tuneri,തൂണേരി,Tuneri,Kozhikode,Panchayat,Active,2020-05-29,,2020-06-07,Containment Zones: All wards,DHS bulletin from Listed On Date,,
217,G110203,Purameri,പുറമേരി,Purameri,Kozhikode,Panchayat,Active,2020-05-29,,2020-06-07,Containment Zones: All wards,DHS bulletin from Listed On Date,,
218,G110207,Nadapuram,നാദാപുരം,Nadapuram,Kozhikode,Panchayat,Active,2020-05-29,,2020-06-07,No containment zone,DHS bulletin from Listed On Date,,
219,G110301,Kunnummal,കുന്നുമ്മല്‍,Kunnummal,Kozhikode,Panchayat,Active,2020-05-29,,2020-06-07,No containment zone,DHS bulletin from Listed On Date,,
220,G110304,Kuttiadi,കുറ്റ്യാടി,Kuttiadi,Kozhikode,Panchayat,Active,2020-05-29,,2020-06-07,No containment zone,DHS bulletin from Listed On Date,,
221,G110205,Valayam,വളയം,Valayam,Kozhikode,Panchayat,Active,2020-05-29,,2020-06-07,No containment zone,DHS bulletin from Listed On Date,,
222,M110100,Vadakara,വടകര,Vadakara,Kozhikode,Municipality,Active,2020-05-29,,2020-06-07,No containment zone,DHS bulletin from Listed On Date,,
271,G130204,Mattool,മാട്ടൂല്‍,Mattool,Kannur,Panchayat,Active,2020-06-05,,2020-06-07,Containment Zones: Ward 14,DHS bulletin from Listed On Date,,
150,G130406,Mayyil,മയ്യില്‍,Mayyil,Kannur,Panchayat,Active,2020-05-19,,2020-06-07,Containment Zone: Ward 1,DHS bulletin from Listed On Date,,
224,G130606,Munderi,മുണ്ടേരി,Munderi,Kannur,Panchayat,Active,2020-05-29,,2020-06-07,"Containment Zones: Wards 8,15",DHS bulletin from Listed On Date,,
48,G140203,Muliyar,മുളിയാര്‍,Muliyar,Kasaragod,Panchayat,Unlisted,2020-04-22,2020-05-07,2020-04-27,,DHS bulletin from Listed On Date,,
233,M090400,Palakkad,പാലക്കാട്,Palakkad,Palakkad,Municipality,Active,2020-05-30,,2020-06-07,"Containment Zones: Wards 6, 8, 13, 20, 29, 35",DHS bulletin from Listed On Date,,
239,G091104,Pallassana,പല്ലശ്ശന,Pallassana,Palakkad,Panchayat,Unlisted,2020-05-31,2020-06-11,2020-06-11,No containment zone,DHS bulletin from Listed On Date,,
199,G090206,Paruthur,പരുതൂര്‍,Paruthur,Palakkad,Panchayat,Unlisted,2020-05-27,2020-06-11,2020-06-11,No containment zone,DHS bulletin from Listed On Date,,
235,M090500,Pattambi,പട്ടാമ്പി,Pattambi,Palakkad,Municipality,Active,2020-05-30,,2020-06-07,Containment Zones: Ward 6,DHS bulletin from Listed On Date,,
197,G090105,Pattithara,പട്ടിത്തറ,Pattithara,Palakkad,Panchayat,Active,2020-05-27,,2020-06-07,Containment Zone: Ward 9,DHS bulletin from Listed On Date,,
232,G010408,Manickal,മാണിക്കല്‍,Manickal,Thiruvananthapuram,Panchayat,Unlisted,2020-05-30,2020-06-11,2020-06-11,No containment zone,DHS bulletin from Listed On Date,,
202,G090805,Peringottukurissi,പെരിങ്ങോട്ടുകുറിശ്ശി,Peringottukurissi,Palakkad,Panchayat,Unlisted,2020-05-27,2020-06-11,2020-06-11,No containment zone,DHS bulletin from Listed On Date,,
169,G090904,Perumatty,പെരുമാട്ടി,Perumatty,Palakkad,Panchayat,Active,2020-05-24,,2020-06-07,"Containment Zone: Ward 1,6",DHS bulletin from Listed On Date,,
281,G090707,Pirayiri,പിരായിരി,Pirayiri,Palakkad,Panchayat,Active,2020-06-05,,2020-06-07,"Containment Zones: Wards 11, 12, 14
",DHS bulletin from Listed On Date,,
236,G050901,Madappally,മാടപ്പള്ളി,Madappally,Kottayam,Panchayat,Active,2020-05-30,,2020-06-07,"Containment Zones: Ward 5, 9",DHS bulletin from Listed On Date,,
136,M140300,Nileshwar,നീലേശ്വരം,Nileshwar,Kasaragod,Municipality,Unlisted,2020-05-16,2020-05-21,2020-05-21,Containment Zone: Ward 17,DHS bulletin from Listed On Date,,
299,M140300,Nileshwar,നീലേശ്വരം,Nileshwar,Kasaragod,Municipality,Active,2020-06-09,,2020-06-09,Containment Zone: Ward 22,DHS bulletin from Listed On Date,,
195,G090907,Polpully,പൊല്‍പ്പുള്ളി,Polpully,Palakkad,Panchayat,Active,2020-05-27,,2020-06-07,Containment Zone: Ward 7,DHS bulletin from Listed On Date,,
279,G090404,Pookkottukavu,പൂക്കോട്ടുകാവ്,Pookkottukavu,Palakkad,Panchayat,Active,2020-06-05,,2020-06-07,Containment Zones: Ward 7,DHS bulletin from Listed On Date,,
225,G130705,Muzhappilangad,മുഴപ്പിലങ്ങാട്,Muzhappilangad,Kannur,Panchayat,Active,2020-05-29,,2020-06-07,"Containment Zones: Wards 8,11",DHS bulletin from Listed On Date,,
263,G020504,Anchal,അഞ്ചല്‍,Anchal,Kollam,Panchayat,Unlisted,2020-06-04,2020-06-11,2020-06-11,Containment Zones: All Wards,DHS bulletin from Listed On Date,,
245,G020508,Aryankavu,ആര്യങ്കാവ്,Aryankavu,Kollam,Panchayat,Active,2020-05-31,,2020-06-07,No containment zone,DHS bulletin from Listed On Date,,
265,G021102,Kadakkal,കടയ്ക്കല്‍,Kadakkal,Kollam,Panchayat,Unlisted,2020-06-04,2020-06-11,2020-06-11,Containment Zones: All Wards,DHS bulletin from Listed On Date,,
142,G021002,Kalluvathukkal,കല്ലുവാതുക്കല്‍,Kalluvathukkal,Kollam,Panchayat,Active,2020-05-18,,2020-06-07,"Containment Zone: Wards 20, 21, 22, 23",DHS bulletin from Listed On Date,,
272,C020100,Kollam,കൊല്ലം,Kollam,Kollam,Corporation,Active,2020-06-04,,2020-06-07,"Containment Zones: Wards 34 to 41, Shakthikulangara Harbour
",DHS bulletin from Listed On Date,,
240,G091004,Pudunagaram,പുതുനഗരം,Pudunagaram,Palakkad,Panchayat,Active,2020-05-31,,2020-06-07,"Containment Zones: Wards 9, 10, 12
",DHS bulletin from Listed On Date,,
248,G090106,Thirumittacode,തിരുമിറ്റക്കോട്,Thirumittacode,Palakkad,Panchayat,Unlisted,2020-06-01,2020-06-04,2020-06-04,Containment Zones: Ward 8,DHS bulletin from Listed On Date,,
275,G091304,Puduppariyaram,പുതുപ്പരിയാരം,Puduppariyaram,Palakkad,Panchayat,Active,2020-06-05,,2020-06-07,"Containment Zones: Wards 4, 20
",DHS bulletin from Listed On Date,,
180,G130806,Panniyannur,പന്ന്യന്നൂര്‍,Panniyannur,Kannur,Panchayat,Active,2020-05-24,,2020-06-07,"Containment Zone: Wards 6, 10",DHS bulletin from Listed On Date,,
251,G131104,Muzhakkunnu,മുഴക്കുന്ന്,Muzhakkunnu,Kannur,Panchayat,Unlisted,2020-06-01,2020-06-04,2020-06-04,Containment Zones: Ward 13,DHS bulletin from Listed On Date,,
252,G100601,Anakkayam,ആനക്കയം,Anakkayam,Malappuram,Panchayat,Active,2020-06-02,,2020-06-07,Containment Zones: Ward 21,DHS bulletin from Listed On Date,,
244,G020501,Kulathupuzha,കുളത്തൂപ്പുഴ,Kulathupuzha,Kollam,Panchayat,Active,2020-05-31,,2020-06-07,No containment zone,DHS bulletin from Listed On Date,,
254,G120404,Muttil,മുട്ടില്‍,Muttil,Wayanad,Panchayat,Active,2020-06-03,,2020-06-07,"Containment Zones: Wards 4,5,6",DHS bulletin from Listed On Date,,
255,C070100,Cochin,കൊച്ചി,Cochin,Ernakulam,Corporation,Active,2020-06-03,,2020-06-07,Containment Zones: Ward 60,DHS bulletin from Listed On Date,,
257,G140606,Padne,പടന്ന,Padne,Kasaragod,Panchayat,Active,2020-06-03,,2020-06-07,"Containment Zones: Ward 1, 3, 7",DHS bulletin from Listed On Date,,
131,G140106,Paivalike,പൈവളികെ,Paivalike,Kasaragod,Panchayat,Active,2020-05-14,,2020-06-07,Containment Zone: Ward 11,DHS bulletin from Listed On Date,,
238,G140603,Pilicode,പിലിക്കോട്,Pilicode,Kasaragod,Panchayat,Active,2020-05-31,,2020-06-07,Containment Zones: Ward 8,DHS bulletin from Listed On Date,,
148,M130700,Panoor,പാനൂര്‍,Panoor,Kannur,Municipality,Active,2020-05-19,,2020-06-07,"Containment Zone: Wards 1, 13, 18, 31, 32
",DHS bulletin from Listed On Date,,
13,G130905,Pattiam,പാട്യം,Pattiam,Kannur,Panchayat,Active,2020-04-22,,2020-06-07,Containment Zone: Ward 9,DHS bulletin from Listed On Date,,
159,M130400,Payyannur,പയ്യന്നൂര്‍,Payyannur,Kannur,Municipality,Active,2020-05-23,,2020-06-07,Containment Zone: Ward 13,DHS bulletin from Listed On Date,,
179,G130607,Peralassery,പെരളശ്ശേരി,Peralassery,Kannur,Panchayat,Active,2020-05-24,,2020-06-07,Containment Zone: Ward 5,DHS bulletin from Listed On Date,,
283,G020805,Neendakara,നീണ്ടകര,Neendakara,Kollam,Panchayat,Active,2020-06-05,,2020-06-07,Containment Zone: Neendakara Harbour,DHS bulletin from Listed On Date,,
242,G020804,Panmana,പന്‍മന,Panmana,Kollam,Panchayat,Active,2020-05-31,,2020-06-07,"Containment Zones: Wards 10,11",DHS bulletin from Listed On Date,,
243,M020300,Punalur,പുനലൂര്‍,Punalur,Kollam,Municipality,Active,2020-05-31,,2020-06-07,Containment Zones: Ward 12,DHS bulletin from Listed On Date,,
182,G091305,Pudusseri,പുതുശ്ശേരി,Pudusseri,Palakkad,Panchayat,Active,2020-05-25,,2020-06-07,"Containment Zone: Ward 7, 21
",DHS bulletin from Listed On Date,,
267,M120300,Sulthan Bathery,സുല്‍ത്താന്‍ ബത്തേരി,Sulthan Bathery,Wayanad,Municipality,Active,2020-06-05,,2020-06-07,"Containment Zones: Wards 6,7,9,10,11,12,13,14,15,16,22,23,24,25",DHS bulletin from Listed On Date,,
268,G120301,Meenangadi,മീനങ്ങാടി,Meenangadi,Wayanad,Panchayat,Active,2020-06-05,,2020-06-07,"Containment Zones: Wards 8, 11, 12, 13, 14, 15, 18
",DHS bulletin from Listed On Date,,
269,G120106,Thavinhal,തവിഞ്ഞാല്‍,Thavinhal,Wayanad,Panchayat,Active,2020-06-05,,2020-06-07,"Containment Zones: Wards 8,9,10",DHS bulletin from Listed On Date,,
270,G111103,Mavoor,മാവൂര്‍,Mavoor,Kozhikode,Panchayat,Active,2020-06-05,,2020-06-07,Containment Zones: All Wards,DHS bulletin from Listed On Date,,
181,G130703,Pinarayi,പിണറായി,Pinarayi,Kannur,Panchayat,Active,2020-05-25,,2020-06-07,Containment Zone: Ward 8,DHS bulletin from Listed On Date,,
246,G020507,Thenmala,തെന്മല,Thenmala,Kollam,Panchayat,Unlisted,2020-05-31,2020-06-11,2020-06-11,No containment zone,DHS bulletin from Listed On Date,,
273,M101000,Tirurangadi,തിരൂരങ്ങാടി,Tirurangadi,Malappuram,Municipality,Active,2020-06-04,,2020-06-07,"Containment Zones: Wards 5, 38
",DHS bulletin from Listed On Date,,
274,M100300,Manjeri,മഞ്ചേരി,Manjeri,Malappuram,Municipality,Active,2020-06-04,,2020-06-07,"Containment Zones: Wards 5, 6, 7, 9, 12, 14, 16, 33, 42, 45, 46, 50",DHS bulletin from Listed On Date,,
291,M090200,Shoranur,ഷൊര്‍ണ്ണൂര്‍,Shoranur,Palakkad,Municipality,Active,2020-06-08,,2020-06-08,Containment Zone: Ward 20,DHS bulletin from Listed On Date,,
153,G090405,Sreekrishnapuram,ശ്രീകൃഷ്ണപുരം,Sreekrishnapuram,Palakkad,Panchayat,Active,2020-05-21,,2020-06-07,Containment Zone: All Wards,DHS bulletin from Listed On Date,,
234,G090508,Tachampara,തച്ചമ്പാറ,Tachampara,Palakkad,Panchayat,Active,2020-05-30,,2020-06-07,"Containment Zones: Wards 2, 5
",DHS bulletin from Listed On Date,,
203,G091206,Tarur,തരൂര്‍,Tarur,Palakkad,Panchayat,Active,2020-05-27,,2020-06-07,Containment Zone: Ward 9,DHS bulletin from Listed On Date,,
280,G090509,Thenkara,തെങ്കര,Thenkara,Palakkad,Panchayat,Active,2020-06-05,,2020-06-07,Containment Zones: Ward 8,DHS bulletin from Listed On Date,,
152,G090306,Trikkaderi,തൃക്കടീരി,Trikkaderi,Palakkad,Panchayat,Active,2020-05-21,,2020-06-07,"Containment Zone: Wards 4,5,10",DHS bulletin from Listed On Date,,
278,G091207,Vadakkencheri,വടക്കഞ്ചരി,Vadakkencheri,Palakkad,Panchayat,Active,2020-06-05,,2020-06-07,Containment Zones: Ward 8,DHS bulletin from Listed On Date,,
168,G090307,Vallapuzha,വല്ലപ്പുഴ,Vallapuzha,Palakkad,Panchayat,Active,2020-05-24,,2020-06-07,Containment Zone: Ward 2,DHS bulletin from Listed On Date,,
264,G020502,Yeroor,ഏരൂര്‍,Yeroor,Kollam,Panchayat,Unlisted,2020-06-04,2020-06-11,2020-06-11,Containment Zones: All Wards,DHS bulletin from Listed On Date,,
284,G111204,Olavanna,ഒളവണ്ണ,Olavanna,Kozhikode,Panchayat,Active,2020-06-05,,2020-06-07,Containment Zones: All Wards,DHS bulletin from Listed On Date,,
262,M130600,Sreekandapuram,ശ്രീകണ്ഠാപുരം,Sreekandapuram,Kannur,Municipality,Active,2020-06-04,,2020-06-07,Containment Zones: Ward 17,DHS bulletin from Listed On Date,,
241,M130500,Thalassery,തലശ്ശേരി,Thalassery,Kannur,Municipality,Active,2020-05-31,,2020-06-07,"Thalassery Fish Market, ThalaiHarbour",DHS bulletin from Listed On Date,,
260,G131004,Thillankery,തില്ലങ്കേരി,Thillankery,Kannur,Panchayat,Active,2020-06-04,,2020-06-07,Containment Zones: Ward 8,DHS bulletin from Listed On Date,,
286,G130307,Udayagiri,ഉദയഗിരി,Udayagiri,Kannur,Panchayat,Active,2020-06-07,,2020-06-07,Containment Zones: Ward 2,DHS bulletin from Listed On Date,,
277,G091107,Vandazhy,വണ്ടാഴി,Vandazhy,Palakkad,Panchayat,Active,2020-06-05,,2020-06-07,"Containment Zones: Wards 9,10",DHS bulletin from Listed On Date,,
290,G120201,Panamaram,പനമരം,Panamaram,Wayanad,Panchayat,Active,2020-06-07,,2020-06-07,"Containment Zones: Ward 19, 23",DHS bulletin from Listed On Date,,
228,G090305,Vaniamkulam,വാണിയംകുളം,Vaniamkulam,Palakkad,Panchayat,Active,2020-05-29,,2020-06-07,Containment Zones: Ward 14,DHS bulletin from Listed On Date,,
292,G100804,Moorkkanad,മൂര്‍ക്കനാട്,Moorkkanad,Malappuram,Panchayat,Active,2020-06-08,,2020-06-08,"Containment Zone: Wards 2,3",DHS bulletin from Listed On Date,,
293,G100801,Kuruva,കുറുവ,Kuruva,Malappuram,Panchayat,Active,2020-06-08,,2020-06-08,"Containment Zone: Wards 9, 10, 11, 12, 13",DHS bulletin from Listed On Date,,
294,G100907,Kalpakanchery,കല്‍പകഞ്ചരി,Kalpakanchery,Malappuram,Panchayat,Active,2020-06-08,,2020-06-08,Containment Zone: Ward 12,DHS bulletin from Listed On Date,,
295,G101403,Edapal,എടപ്പാള്‍,Edapal,Malappuram,Panchayat,Active,2020-06-08,,2020-06-08,"Containment Zone: Wards 7, 8, 9, 10, 11, 17, 18",DHS bulletin from Listed On Date,,
296,G101402,Vattamkulam,വട്ടംകുളം,Vattamkulam,Malappuram,Panchayat,Active,2020-06-08,,2020-06-08,"Containment Zone: Wards 12, 13, 14",DHS bulletin from Listed On Date,,
300,G140405,PullurPeriya,പുല്ലൂര്‍ പെരിയ,PullurPeriya,Kasaragod,Panchayat,Active,2020-06-09,,2020-06-09,Containment Zone: Ward 1,DHS bulletin from Listed On Date,,
107,G140401,Udma,ഉദുമ,Udma,Kasaragod,Panchayat,Unlisted,2020-05-01,2020-05-07,2020-05-07,,DHS bulletin from Listed On Date,,
208,G140401,Udma,ഉദുമ,Udma,Kasaragod,Panchayat,Active,2020-05-28,,2020-06-07,"Containment Zone: Wards 9, 11",DHS bulletin from Listed On Date,,
309,G140605,Valiyaparamba,വലിയപറമ്പ,Valiyaparamba,Kasaragod,Panchayat,Active,2020-06-10,,2020-06-11,Containment Zone: Wards 12,DHS bulletin from Listed On Date,,
301,G080602,Avanur,അവണൂര്‍,Avanur,Thrissur,Panchayat,Active,2020-06-09,,2020-06-09,Containment Zones: All Wards,DHS bulletin from Listed On Date,,
302,G080601,Adat,അടാട്ട്,Adat,Thrissur,Panchayat,Active,2020-06-09,,2020-06-09,Containment Zones: All Wards,DHS bulletin from Listed On Date,,
303,G081002,Cherpu,ചേര്‍പ്പ്,Cherpu,Thrissur,Panchayat,Active,2020-06-09,,2020-06-09,Containment Zones: All Wards,DHS bulletin from Listed On Date,,
304,G080105,Vadakkekkad,വടക്കേക്കാട്,Vadakkekkad,Thrissur,Panchayat,Active,2020-06-09,,2020-06-09,Containment Zones: All Wards,DHS bulletin from Listed On Date,,
305,G081106,Thrikkur,തൃക്കൂര്‍,Thrikkur,Thrissur,Panchayat,Active,2020-06-09,,2020-06-09,Containment Zones: All Wards,DHS bulletin from Listed On Date,,
306,M080500,Irinjalakuda,ഇരിങ്ങാലക്കുട,Irinjalakuda,Thrissur,Municipality,Active,2020-06-09,,2020-06-09,"Containment Zones: Wards 1 - 10, 32 - 41 (Excluding Civil
Station and Court Complex in Ward 36)",DHS bulletin from Listed On Date,,
307,G100901,Athavanad,ആതവനാട്,Athavanad,Malappuram,Panchayat,Active,2020-06-10,,2020-06-11,"Containment Zones: Wards 04, 05, 06, 07, 20",DHS bulletin from Listed On Date,,
308,G050302,Aymanam,അയ്മനം,Aymanam,Kottayam,Panchayat,Active,2020-06-10,,2020-06-11,Containment Zone: Wards 3,DHS bulletin from Listed On Date,,
187,G140102,Vorkady,വോര്‍ക്കാടി,Vorkady,Kasaragod,Panchayat,Active,2020-05-26,,2020-06-07,"Containment Zone: Wards 1,2",DHS bulletin from Listed On Date,,
310,G051002,Kangazha,കങ്ങഴ,Kangazha,Kottayam,Panchayat,Active,2020-06-10,,2020-06-11,Containment Zone: Wards 3,DHS bulletin from Listed On Date,,
166,G090406,Vellinezhi,വെള്ളിനേഴി,Vellinezhi,Palakkad,Panchayat,Unlisted,2020-05-24,2020-06-11,2020-06-11,No containment zone,DHS bulletin from Listed On Date,,
201,G090208,Vilayur,വിളയൂര്‍,Vilayur,Palakkad,Panchayat,Active,2020-05-27,,2020-06-07,Containment Zone: Ward 13,DHS bulletin from Listed On Date,,
313,G091202,Erimayur,എരിമയൂര്‍,Erimayur,Palakkad,Panchayat,Active,2020-06-11,,2020-06-11,"Containment Zone: Wards 8, 9",,,
